benchmark	index	uuid	original_label	relabel	confidence	reasoning
ma-align-defs	0	84c6c40f-b850-404d-aa85-99942990a33e	misaligned	aligned	low	Formal drops ω>0, but it is a pure generalization (like Mathlib's Function.Periodic): for every ω>0 it is exactly the informal notion; domain ℝ and equation match.
ma-align-defs	1	4ef734a2-e070-4ae4-b161-f1c1e97ba96a	misaligned	aligned	low	Uses Mathlib's PrimeSpectrum.zariskiTopology, whose closed sets are exactly zeroLocus S = V(S), and defines Zariski closure as closure in it. Only doubt: the source may mean classical varieties in k^n rather than Spec.
ma-align-defs	2	462cd9a2-4f5a-4ad1-bfea-8c346827e449	misaligned	misaligned	high	"RelativelyPrime is defined as True (vacuous), g,h are global functions rather than coprime germs, and ZeroSet never requires g(z)=0, so every point of U with a local representation is in the ""zero set""."
ma-align-defs	3	8ecdfefe-a838-41a2-9d11-29d7f81325c7	misaligned	aligned	med	v(0)=⊤, ultrametric inequality, multiplicativity on units and surjectivity onto ℤ are all present. getD looks lossy, but the unit homomorphism law with y=1 forces v(x) to be finite for every x≠0, so v really maps K* onto ℤ.
ma-align-defs	4	6da813f4-12b5-4f59-a844-d4a68edf84b5	misaligned	aligned	med	"Simple = InjOn [a,b]; closed simple = InjOn [a,b) plus z a = z b; quasi-simple = injective off a finite set. All three match. Continuity of a ""curve"" is ambient and not part of these definitions."
ma-align-defs	5	ace872a7-e240-459a-ad74-c3862f3a45ee	misaligned	aligned	low	"Literally encodes ""either true or false, but not both"" for a Prop. The informal notion is meta-level (declarative sentence) and has no deeper formal content to capture."
ma-align-defs	6	32e59d13-6842-4d64-8988-526456e613ca	misaligned	misaligned	high	`Set String` has nothing to do with Einstein's index convention; it is a placeholder.
ma-align-defs	7	8e260502-c751-4e5c-8eb0-8a6645cd858a	misaligned	aligned	med	"Stability condition matches: every non-matching edge e has f∈M sharing a vertex v with e <_v f, and the preference order is a parameter. That M is a matching is left to the caller, a generalization of the adjective ""stable""."
ma-align-defs	8	efb1cb05-62c0-4781-9169-f0c1c536cced	misaligned	aligned	low	The informal refers to an unseen equation (1). The formal gives the standard meaning (c-Lipschitz with c<1), which for a linear operator A is equivalent to ‖A‖<1. The source may intend another variant.
ma-align-defs	9	217026f2-39f2-4d38-923a-0b302b3ce8a0	misaligned	aligned	high	Vector space structure, associative multiplication and both bilinearity laws match exactly. A module over a field on an AddCommMonoid is automatically a group.
ma-align-defs	10	9b7ffef8-7635-4031-a51c-86ae379a5222	misaligned	aligned	high	The first k rows and columns via Fin.castLE. Allowing k=0 is a harmless generalization.
ma-align-defs	11	a74833e8-4caf-470b-ae4f-85ae55231522	misaligned	misaligned	high	`def V : Sort* := sorry` has no content.
ma-align-defs	12	3be376ab-26e1-41bf-b0e2-c3211b75612f	misaligned	misaligned	high	"Takes the ""equivalent"" condition θ(H_i)=E_i as a hypothesis, drops the defining hypothesis θ(E_i)=H_i (an unused variable is not included), and assumes nothing that makes E,H generate Λ. The resulting lemma is not the informal claim."
ma-align-defs	13	89dbbfb9-1fec-4295-bf3c-40034fb10c50	misaligned	misaligned	med	Requires f and its local inverse g to be C^1 on all of ℝ^n (global ContDiff), which is strictly stronger than f being C^1 on W and f|U being a C^1 diffeomorphism onto f(U).
ma-align-defs	14	7b60aea1-b60b-4771-b5de-ce5bb6912796	misaligned	aligned	high	Componentwise order on the product, 1=(1_0,1_1), i0 and i1 as defined. Preorder is the usual forcing notion of p.o.
ma-align-defs	15	8790bd8a-38fd-46c5-927e-108005f11c58	misaligned	misaligned	high	Edge G is a subtype of *ordered* pairs, so every edge appears twice, as (u,v) and (v,u). The copies share vertices and must get different colours, which inflates the number to ≥2Δ+1.
ma-align-defs	16	7d440cfe-6c39-4f5a-9a0e-2586e9f1f07d	misaligned	aligned	high	"c divides a and b, and every common divisor divides c. Dropping ""nonzero"" is a harmless generalization."
ma-align-defs	17	e05484e8-ac04-43a5-99cf-58774de52d04	misaligned	misaligned	high	"Sheaves are modelled as bare fibrewise type families, and the ""isomorphism"" is a plain Equiv of dependent function types: not O-linear, not a sheaf iso, and no restriction to U as a sheaf."
ma-align-defs	18	3f1eb44c-5afb-4638-93aa-f768b5cc6f51	misaligned	misaligned	low	"The informal is an unfinished Isabelle stub (""Complete this"") with no semantics. The formal invents a meaning (reflexive-transitive r-closure intersected with X) that the source does not determine."
ma-align-defs	19	fdca1605-6cfc-4244-99dd-8d57d09e34d6	misaligned	misaligned	high	P is unused. Edges are arbitrary sets of index pairs not derived from P's tropical curve, and there is no graph Ṽ(P). Only the gcd-max arithmetic resembles the informal.
ma-align-defs	20	a5c33731-de01-4f5c-b01d-29099d675a81	misaligned	misaligned	med	The Prop is vacuous: the NormedRing/NormedAlgebra instances already force continuous bilinear multiplication. They also add things the informal lacks (submultiplicative norm, unit), so the defined notion is not the informal one.
ma-align-defs	21	716662f6-adad-49eb-a8d2-2f038b268441	misaligned	aligned	high	A two-argument K-valued map, linear in each variable with the other fixed. Ring instead of field is a generalization.
ma-align-defs	22	55dcbe8b-071f-442f-9633-022a6b786a5a	misaligned	aligned	low	"Excursion and positive excursion match, and ""negative otherwise"" equals W<0 throughout for continuous W. Z copies the informal sup formula literally, though over s∈ℝ rather than the intended range."
ma-align-defs	23	624f86fe-e5b7-49d9-ba71-70ccf5c67764	misaligned	misaligned	high	The family h_t has no continuity in t, so any homeomorphism with h_1 K1 = K2 qualifies. This is ambient homeomorphism rather than isotopy, and makes e.g. a knot equivalent to its mirror image.
ma-align-defs	24	d24cd42b-63e2-4904-b690-f8a942eca03f	misaligned	misaligned	high	RightWDepOn (a i) is applied to the whole family a, not to a_1..a_{i-1}, which trivializes or changes the condition.
ma-align-defs	25	ec2c5a47-b352-41e2-a1ed-97bde5c43bda	misaligned	misaligned	low	The evaluation map x ↦ (f ↦ f x) is right, but it uses real-valued C(X,ℝ) where the source's C(X) is complex (a Banach algebra with character space ΔC(X)), and the codomain is bare functions rather than characters.
ma-align-defs	26	4ea96353-72c5-486c-bdb9-4e560f364947	misaligned	misaligned	med	The vector-space triple is right, but the algebra's multiplication has none of the conditions of 2.1.12 (bilinearity, associativity) that the informal requires.
ma-align-defs	27	c433c5e1-7824-4457-a356-09eae58db94b	misaligned	misaligned	high	h should be a ℂ-antilinear isomorphism E ≅ E*, and ⋆̄ is antilinear. The formal uses ℂ-linear maps, no isomorphism, and a plain linear TensorProduct.map.
ma-align-defs	28	57753a5e-7193-43c3-b92c-8200383563f5	misaligned	aligned	high	The empty set.
ma-align-defs	29	029f4550-8304-42f4-bb53-88e99b854797	misaligned	aligned	med	Scope runs from after the summation sign to the first delimiter: '=', ± at the same bracket depth, or a ')' whose '(' precedes the sign. This matches the four rules (end of formula is the list end).
ma-align-defs	30	74913e41-c8bf-4c2e-b84b-2233502759b0	misaligned	aligned	high	Entrywise conjugation via star.
ma-align-defs	31	c099f0d6-c481-4371-b723-b6ef97fcfff7	misaligned	misaligned	high	Decreases conformal weight by 1 is encoded as H(T* a) = H a − a, which is wrong (it should be [H,T*] = −T*). dY is an arbitrary function rather than ∂Y, and there is no vertex-algebra structure.
ma-align-defs	32	890424f4-6891-42f2-b185-eba6262c8ce3	misaligned	aligned	high	Mathlib's Complex.exp is defined as this power series, and the lemma records agreement with Real.exp.
ma-align-defs	33	c28d3c3f-ad63-40f7-a567-aa6534c64e9e	misaligned	misaligned	high	"No p ≠ 0 condition: the zero polynomial makes every real number ""algebraic""."
ma-align-defs	34	3c54c508-ea06-471f-8c3b-17dc48ef5bdb	misaligned	aligned	high	Exactly the two stated axioms (triangle in the given form, and d(x,y)=0 ↔ x=y).
ma-align-defs	35	59c295b7-2301-4031-83b7-2f1d5478f5df	misaligned	aligned	high	Row insertion bumps the first entry > k, appends if none exists, and recurses into the next row or creates a new one. Faithful to the RSK description.
ma-align-defs	36	e8d5ed9f-5da3-40f8-a68d-75f02a7057c3	misaligned	misaligned	high	K.Normal means normal in G, not in S i. There is no properness (S(i+1)=S i is allowed), no start at G or end at ⊥, and no finite length.
ma-align-defs	37	7bf383f6-b835-401a-911d-c092d8187be1	misaligned	misaligned	med	μ is defined on all subsets instead of a σ-algebra 𝓑. That is a substantively different (and much more restrictive) notion.
ma-align-defs	38	158e4f58-3ae6-4947-b813-90b0c42040fc	misaligned	misaligned	high	RationalFunction is an arbitrary function, so the condition is trivial. Char p uses the p^m power instead of the 1/p^n root.
ma-align-defs	39	3ddaa26b-29cf-4338-b800-5decab2f44c0	misaligned	misaligned	high	IsAbelianExtension := True, so this is the composite of all intermediate fields (all of K).
ma-align-defs	40	e45aadc4-ed24-4d3f-ad37-d8cb3e2ed94a	misaligned	misaligned	low	The degree n is restricted to ℕ, while the informal (an ODE-style homogeneous function) allows any real degree. This is a restriction, not a generalization: e.g. degree −1 or 1/2 cannot be expressed. Otherwise it matches.
ma-align-defs	41	19abeb77-e578-4ec0-9df4-69ab885598af	misaligned	misaligned	high	`orthogonal : Prop` is an unconstrained field (vacuous), and τ is a bijection of all of Γ rather than an orthogonal bijection Γ1→Γ2.
ma-align-defs	42	73584621-f497-40cd-bf4e-0302c3694da4	misaligned	misaligned	high	Every PDE notion is defined as True; the forms of the equations are never encoded.
ma-align-defs	43	fb749a44-2e5e-4c83-9d17-869b8f66d2bc	misaligned	aligned	med	The linear change of variables and the transformed form f'(x',y') = f(αx'+βy', γx'+δy') are encoded faithfully. The determinant condition does not affect the definition of the transformed form.
ma-align-defs	44	52f1bfda-125b-4cbd-bacc-2a2c267921d9	misaligned	aligned	high	Injection, bijection, and strict ≺ = ≼ and not the reverse (the informal's third line has an obvious typo, and the formal follows the intended meaning).
ma-align-defs	45	07dc1c29-2a4c-4b40-9dc4-0d9c011db3f5	misaligned	aligned	med	Δ = {α : (α|α)=2} and root lattice = ℤ-span of Δ is everything. The form B is a parameter; positive definiteness and integrality are hypotheses on the input, a generalization that agrees on intended inputs.
ma-align-defs	46	335c555c-ff01-4c4f-8011-73437dcab644	misaligned	misaligned	low	The informal requires T_i M_i = M_i. The formal only has T_i M_i ⊆ M_i, a weaker invariance condition that is not obviously equivalent (T is not assumed surjective).
ma-align-defs	47	7e017730-ced8-480f-93b5-6ca0005375cf	misaligned	misaligned	high	SigmaOneIdeal is an arbitrary ideal, so the Σ₁ restriction is dropped and this becomes an ordinary PID.
ma-align-defs	48	f3342e87-11dd-49ca-b555-23346f0a6884	misaligned	aligned	high	Int.ModEq n a b is by definition a % n = b % n, i.e. same remainder.
ma-align-defs	49	39661ad0-83e5-4b77-8309-46b31d5025ce	misaligned	misaligned	med	The declaration has both [Preorder S] and [CompleteLattice S], two unrelated orders, so Monotone and sSup can refer to different ≤. It also restricts general posets to complete lattices.
ma-align-defs	50	2a3cbea2-47ed-4ab5-968c-3e6996822ba6	aligned	aligned	high	g•x = x → g = 1: no non-identity element has a fixed point. That is exactly a free action.
ma-align-defs	51	0d738987-2735-4b9b-8000-b62259a3755b	aligned	aligned	high	Denumerable = infinite and (at most) countable = countably infinite, and countable = finite or denumerable.
ma-align-defs	52	d2e532a6-f507-4e45-a7a4-f02e0e601a6c	aligned	aligned	high	2×2 matrices whose determinant ad−bc is a unit.
ma-align-defs	53	ed38ada5-2dbc-420b-8891-46a731268600	aligned	aligned	high	An m×n matrix as a function Fin m → Fin n → R.
ma-align-defs	54	2376d9e8-73e6-4252-aee1-705243087a16	aligned	aligned	high	x ∈ E and some ball meets E only in {x}.
ma-align-defs	55	8ee35a29-fc94-403c-bec1-2e98227207cd	aligned	aligned	low	The morphism condition is exactly the informal's characterization: pullback sends O(Y) into O(X). AffineVariety is modelled abstractly as a carrier of regular functions, which is all the definition uses.
ma-align-defs	56	f7a24eb4-9b26-494f-996f-f7ab27a71716	aligned	aligned	med	Completely incoherent iff autocoherence = 0. Autocoherence is taken as given, as in the informal.
ma-align-defs	57	27de03d4-28a2-47b1-b96e-03c438158721	aligned	aligned	high	F(r•x) = r^m F(x) for r>0 and x≠0, with real m.
ma-align-defs	58	997929ba-91be-48a1-b07d-5ecb10d25fdd	aligned	misaligned	low	The smoothness and polynomial×derivative boundedness conditions are right, but the functions are ℝ-valued, while the source's Schwartz space (on which the Fourier transform acts bijectively) is of complex-valued functions.
ma-align-defs	59	a0675c5a-de00-4fb2-b18b-05c82e9ab590	aligned	aligned	high	h ≠ h' ⇒ some q ∈ Q and g : b→q with h≫g ≠ h'≫g. The cogenerator is the singleton case.
ma-align-defs	60	6fd8b824-4f3e-402c-a574-d6e948b5cd7f	aligned	aligned	high	Every coefficient function is constant in x.
ma-align-defs	61	b8ecb313-c928-41f1-8926-2db258b3ff50	aligned	aligned	high	a | b iff ∃ c, b = a c over ℤ.
ma-align-defs	62	eb467b3c-c30a-4cd3-b41e-4a962dbe6ccc	aligned	aligned	high	Every element of Frac(A) that is integral over A lies in the image of A.
ma-align-defs	63	35f3987e-18e2-4388-8ce0-ff13ac596dd2	aligned	aligned	med	"The informal defines the notion as ""T* = ∅"". T* comes from earlier context and the formal takes it as given."
ma-align-defs	64	c2440d90-8249-40d4-81ce-f50f7f465d92	aligned	aligned	high	{b | ∀ a∈A, ab = ba}.
ma-align-defs	65	c17fdda1-bcf9-4aa6-994a-77e24848dea6	aligned	aligned	high	∃ C with |φx−φy| ≤ C|x−y| on S. A general metric domain is a harmless generalization.
ma-align-defs	66	9c84d2e2-9884-4f2e-87f0-5f1d05a964ab	aligned	aligned	high	∅ ∈ 𝒞 and S is a countable union of members of 𝒞.
ma-align-defs	67	07696761-f6dc-4ff2-88a8-6c1b8b68ad7c	aligned	aligned	high	Coherent sequences as a subgroup of the product: θ_n(a_{n+1}) = a_n.
ma-align-defs	68	007bee6c-95b3-436a-952d-d1a6c66276ec	aligned	aligned	high	Distinct inputs have distinct images.
ma-align-defs	69	cb22f0af-8a9f-4200-be85-a3c1f4f0fd5f	aligned	aligned	high	Nonunit, and u | st ⇒ u | s ∨ u | t, exactly as stated.
ma-align-defs	70	15de0ba0-6ae8-4f76-bf96-365528ecdee2	aligned	aligned	high	Both definitions match: full-measure forward-invariant sets, a measure-preserving φ (with a measure-preserving inverse ψ for isomorphism), and the intertwining law on X'.
ma-align-defs	71	43dd1386-b6bf-4be9-9308-884ee7cee6b6	aligned	aligned	high	∃ measurable A with ν1(A) = ν1(X) and ν2(A) = 0.
ma-align-defs	72	baaf6a94-7f0c-4723-aa44-d65dd0f9d805	aligned	aligned	high	D = (c1−c2)(c1−c3)(c2−c3) and discriminant = D², in terms of the roots.
ma-align-defs	73	d393ea1c-8a9a-40dc-9735-8917fa674b29	aligned	aligned	high	Generating = span is ⊤; finitely generated = spanned by a finite set; basis = generating and linearly independent (the informal's stated equivalent).
ma-align-defs	74	a18d2124-9741-4a62-a154-c872d6d6f952	aligned	aligned	high	All four separation axioms are transcribed exactly.
ma-align-defs	75	e25a4743-7b67-4809-a7b2-6f13a5e648ab	aligned	aligned	high	The smallest subfield of ℂ containing F and all roots of f, which is F(α1..αd): the splitting field inside ℂ.
ma-align-defs	76	60395831-c425-424d-8e9b-9b2574ca1551	aligned	aligned	high	v ≠ 0 and Av = ηv for some scalar η.
ma-align-defs	77	b9164d74-445c-442f-b811-69b5f8247745	aligned	aligned	high	The theta series term by term, (−1)^{βn} e^{πiτ(n+α/2)²} e^{2πiv(n+α/2)}, summed over n∈ℤ.
ma-align-defs	78	ad192157-3549-45de-9333-191054a924e9	aligned	aligned	high	h = g·a for some power series a.
ma-align-defs	79	855fc8df-9aa8-47dd-982b-5faf33c7f937	aligned	aligned	high	Finite support, for both sequences and I-indexed families (0- vs 1-based indexing is immaterial).
ma-align-defs	80	cbc39c9d-5a54-45f2-9164-80a98d0361e5	aligned	aligned	high	∀ε>0 there is a point of E other than p within ε of p.
ma-align-defs	81	47a754f4-8902-46ee-a1f8-682010b82200	aligned	aligned	high	Products ∏U_i with each U_i open and U_i = X_i for all but finitely many i.
ma-align-defs	82	fdce3add-d7ee-4721-bc7a-4b2839c286d7	aligned	aligned	high	A combination with not all coefficients zero that sums to 0.
ma-align-defs	83	3e387c6b-c68e-41fa-95b0-d180fc12691e	aligned	aligned	high	Closed under increasing unions and decreasing intersections of sequences.
ma-align-defs	84	6cc4c767-e78b-4124-b2a4-d300081a0419	aligned	aligned	high	Mathlib's adj.homEquiv is σ: (L A ⟶ B) ≃ (A ⟶ R B). Unit = σ(id), counit = σ⁻¹(id).
ma-align-defs	85	597a9078-8ac4-42ee-8a1d-549a1b0610e9	aligned	aligned	high	f ∘ n with n strictly increasing and n_k in the domain {m, m+1, …}.
ma-align-defs	86	ff5576da-dd48-4150-85ed-30c15e5d3a0b	aligned	aligned	high	Functors F and G, unit, counit, and both triangle identities in the standard form.
ma-align-defs	87	a70f9cc6-f083-4387-afde-79ee94318dd3	aligned	aligned	high	The induced subgraph is connected, and C is maximal among vertex sets with connected induced subgraph.
ma-align-defs	88	224f3ebc-5814-49d8-829e-3861239ab83a	aligned	aligned	high	{x | x ∈ U ∧ x ∉ A}.
ma-align-defs	89	847276aa-df7a-47ea-a535-29221fbe6119	aligned	misaligned	high	"Uses (⊤ : Ideal B).jacobson, which is ⊤, not the Jacobson radical (⊥.jacobson). The quotient is trivial, so every algebra is ""basic""."
ma-align-defs	90	2444f6b9-da4d-47fa-a73a-f2d7776d268b	aligned	aligned	high	The sum is the sup of the submodules, and direct means M_j ⊓ (sum of the others) = 0 for every j.
ma-align-defs	91	867596f9-2382-43c1-ba79-b6de5ef4af27	aligned	aligned	med	(D1)–(D3) are not shown. The formal gives the standard metric axioms (nonnegativity, identity, symmetry, triangle), which is what they must denote.
ma-align-defs	92	f9aa93b9-a4d7-4230-8235-761bdc691f28	aligned	aligned	high	The four listed axioms, verbatim.
ma-align-defs	93	46f43013-2a8e-41f8-8bf0-990c58a5a423	aligned	aligned	high	The ideal spanned by all products xy with x∈I, y∈J.
ma-align-defs	94	1e71b0fb-90af-4fd7-bc15-0d4ba5ae9cbb	aligned	aligned	high	Contains ∅ and X, and is closed under binary union and complement.
ma-align-defs	95	aedae0ee-be02-43e4-b328-a827e48075b8	aligned	aligned	high	Irrational, and a root of a genuinely quadratic (a≠0) polynomial with rational coefficients.
ma-align-defs	96	1ec33d08-08d9-4673-a00c-fca50cbab73e	aligned	aligned	high	dom₁ = {u : K(u,v) > −∞ ∀v} and dom₂ = {v : K(u,v) < +∞ ∀u}, over an ordered codomain with ±∞ (a generalization of extended reals).
ma-align-defs	97	0a885e3c-a13c-464f-ab52-5264e4d8eb7f	aligned	aligned	high	range A = ker B.
ma-align-defs	98	f59f795c-d34a-4214-986c-719eddcc5a76	aligned	aligned	high	A bounded linear map between complex Hilbert spaces that is norm-preserving and onto.
ma-align-defs	99	be1895da-52f4-4237-82fd-6429d951163e	aligned	aligned	high	f[k] = ⟨f 0..f(k−1)⟩ ∈ T for all k, and a binary path is ℕ → {0,1}.
ma-align-stmts	0	9e9dd946-1612-4775-a4f5-fe2cfe17ca9a	aligned	aligned	high	Cauchy–Schwarz for n real pairs, stated exactly.
ma-align-stmts	1	77851350-4fc4-44d0-80ec-86b412bde38b	misaligned	misaligned	high	Stated for a noncommutative `Ring`, where it is false. In the artinian ring M₂(k), the nilpotents E₁₂ and E₂₁ span the whole ring as a (left) ideal, so no power is ⊥. The informal is about commutative rings.
ma-align-stmts	2	8b0518a1-f347-4623-b19d-4425169b749d	misaligned	misaligned	high	The integrals `∫ x in E, f n x` are taken against the default Lebesgue measure (volume), not μ. Only finiteness of μ(E) and integrability are w.r.t. μ, so the statement mixes two measures. It is also restricted to ℝ.
ma-align-stmts	3	938f8889-3351-42cb-9233-0f66591c3bba	aligned	aligned	high	Compact ⇔ closed and every ε admits finitely many ε-balls covering K, in a complete metric space.
ma-align-stmts	4	abc730e5-2d52-4fbe-b366-25acde2e3c53	aligned	aligned	high	"The answer to ""is f continuous?"" is no, and the formal asserts ¬Continuous for the same f."
ma-align-stmts	5	1f09e2ee-b87f-4eb2-b482-ff75e6394449	aligned	aligned	med	The class of 0 mod 4 equals the set of multiples of 4, which is the example's content.
ma-align-stmts	6	661e2385-90e3-4fe5-adde-f5e24eb89383	misaligned	misaligned	high	The conclusion demands a zero in the *open* ball ‖x‖<r. The source (Evans) means the closed ball, and the open version is false: n=1, v(x)=x−r. The norm on Fin n → ℝ is also the sup norm, not Euclidean.
ma-align-stmts	7	ea1d6e7d-bb8d-4929-b96d-6c2644154f1e	aligned	aligned	high	C(2n,n) ≤ 4ⁿ/√(πn) for n ≥ 1.
ma-align-stmts	8	51d19609-27d0-494a-b817-826483c04a11	aligned	aligned	high	ab ≤ εa² + b²/(4ε) for a,b,ε > 0.
ma-align-stmts	9	f95007af-cacb-4ede-9d7a-06fbe9d3a346	misaligned	misaligned	high	"LeftLimit, RightLimit and FourierSeries are `sorry` placeholders, and ""strongly piecewise differentiable"" is ad hoc (one-sided derivatives within Iᶜ). The statement has no real content."
ma-align-stmts	10	bbecf89b-77aa-4723-a512-488a0fbcbdf8	misaligned	misaligned	high	"`Continuous H` for H : X → ℝ → X is continuity into the product (pointwise) topology, i.e. each H(·,t) is continuous, with no joint continuity or continuity in t. ""Contractible"" becomes trivially true of every space."
ma-align-stmts	11	800412e5-2c17-4d25-af68-9f7c3695d8e5	aligned	aligned	high	∫₀^∞ (3t² + 5cos 4t) e^{−st} dt = 6/s³ + 5s/(s²+16) for s > 0.
ma-align-stmts	12	0e6b90ba-b0da-4a80-8b8d-04dfc75e53ec	misaligned	misaligned	med	Bounded is encoded as ∃ p : X, …, which is false when X is empty (K = ∅ is compact). The formal theorem is unprovable, although the informal is true.
ma-align-stmts	13	cb07f176-d946-4f39-9f9f-ef90f9292e23	misaligned	misaligned	low	"Only the real case is stated. The source's normed spaces (""linear manifold"", Halmos/Berberian style) are complex, and the complex Hahn–Banach is not a direct corollary of this statement."
ma-align-stmts	14	3d6ba01e-d2cb-48b2-a635-4de6795d4ecd	aligned	aligned	high	N_G(P) ≤ H implies N_G(H) = H and [G:H] ≡ 1 (mod p).
ma-align-stmts	15	0f63136b-18d7-4233-ba5b-bdd5c7828b38	misaligned	misaligned	high	All limits are taken along nhdsWithin c (Ioo a b), which contains c when c is interior. That is not the punctured limit x→c, so the hypotheses constrain f, g and f'/g' at c, and the conclusion forces (f/g)(c) = 0/0 = 0 = L.
ma-align-stmts	16	d0bcb854-205e-4d58-9b7a-8a47b45fa357	aligned	misaligned	high	For arbitrary I and nonempty A the claim is false (I(w)=w on (0,1)). The informal relies on the ambient coercivity and weak lower semicontinuity assumptions, which are dropped.
ma-align-stmts	17	b22cf358-d4c5-4c6d-8f6d-230d7f204aaf	misaligned	misaligned	med	It only compares two hand-written formulas that are algebraically identical. Neither the chi-square distribution (the law of a sum of squared normals) nor a Gamma distribution object appears, so the lemma's content is lost.
ma-align-stmts	18	7eb9bb19-3eb2-4faf-acd0-f111eb0d75fb	misaligned	misaligned	high	CompleteBipartiteGraph and spanningTreeCount are arbitrary variables, so the statement is meaningless (and false in general).
ma-align-stmts	19	bfb8c2aa-ec08-49d8-848e-7779a0123b2b	aligned	aligned	high	x ∈ closure A ⇔ every open δ-ball around x meets A.
ma-align-stmts	20	c053ace1-f8c1-4f74-88dd-e8b9a7cfb4a9	misaligned	aligned	high	Linearity of expectation for finitely many finite-range (simple) random variables. The integrability hypothesis is automatic in the probability setting and harmless for general μ.
ma-align-stmts	21	ab6637f9-47ef-49b1-bb68-82a6a2ffb121	misaligned	aligned	high	x² = 1 for all x implies the group is abelian.
ma-align-stmts	22	9d42ec99-a127-4a16-8626-6a1c63859b63	misaligned	misaligned	high	The claim is that the one-point compactification of X∖{x} is homeomorphic to X. The formal instead says x is not isolated (X∖{x} is dense), a different statement that is false for finite discrete X.
ma-align-stmts	23	783e4eb3-2399-40c3-b196-195ca335ce88	misaligned	misaligned	high	Formula 4 is formalized as ∀x∀y (r(y,x) ↔ ¬r(x,x)), which is not valid (the intended Russell-style formula is ¬∃y∀x(…)). Formula 3 also fails for empty α.
ma-align-stmts	24	fb4376e0-372a-4e93-aa84-6f108e6ef4cb	aligned	aligned	high	A convergent real sequence is bounded.
ma-align-stmts	25	ef646939-4088-43a3-924d-652cf1b25b91	misaligned	misaligned	high	"u is an arbitrary function, so the claim ""u is bounded and Lipschitz"" is false. The value-function context (from which the bounds follow) is dropped."
ma-align-stmts	26	662529a8-2b20-4686-b6ca-c2f8fb3a20e7	aligned	aligned	high	y = 4e^{2t}+3 satisfies y' = 2y − 6, the example's answer.
ma-align-stmts	27	eadedf78-8972-4a91-b737-152688b85afa	aligned	aligned	high	A×B is the six pairs and A×∅ = ∅.
ma-align-stmts	28	ca2403de-b0f3-4f4a-854d-560d40c2a73e	misaligned	misaligned	high	It only asserts that a max and a min exist. The actual answer (max 100 at (±10,0), min 0 at (0,0)) is never stated.
ma-align-stmts	29	2160da27-c8a6-4350-bbe6-62f4ff608827	aligned	aligned	high	A two-sided inverse ring hom exists, which is equivalent to f⁻¹ being a ring homomorphism.
ma-align-stmts	30	e07bfa98-d2d0-4b7d-bca9-6fefc6326a04	aligned	aligned	high	Upper triangular (A i j = 0 for i > j) implies det = ∏ A i i.
ma-align-stmts	31	e2ba94ff-c23c-4267-a5ec-bc4b74380158	aligned	aligned	high	The vectors are dependent and v3 = 2v1 − v2, both as in the solution.
ma-align-stmts	32	2d3932a6-6b43-42f7-a4ee-b71f2e323c27	misaligned	misaligned	high	isWeakSolution is an arbitrary predicate, so the statement is vacuous or false. The PDE (1) is absent.
ma-align-stmts	33	a02d3cb8-a293-4094-addf-4ff9fae9905a	misaligned	aligned	med	The passage's conclusion: every prime p ≡ 1 (mod 4) is x² + y².
ma-align-stmts	34	55870e63-f90e-46ca-a16b-38fe7f81f44a	misaligned	aligned	med	Domination by an integrable Z plus convergence in measure gives L¹ convergence. It is stated for a general measure, which is still true and specializes to the probability case.
ma-align-stmts	35	e9570597-6455-49df-896f-76fb68a14bcd	misaligned	misaligned	med	The kernel claim quantifies over *all* y : ℝ → ℝ using Lean's junk `deriv`. It fails at the singular point x=1: gluing a₁x+b₁eˣ and a₂x+b₂eˣ with b₁≠b₂ and a₁+b₁e = a₂+b₂e gives a C¹ solution (deriv² junk = 0 at 1) outside the span. The formal statement is therefore false.
ma-align-stmts	36	4f53667d-3677-4b19-b603-c82519d47855	aligned	aligned	high	For a locally finite family of open sets, the closure of any subunion is the union of closures.
ma-align-stmts	37	715c1e3b-9fc7-42ee-abaa-dcad5d50361d	misaligned	misaligned	med	Only square n×n matrices are covered. The informal's content is the rectangular case (C m×n, D n×m, differing identity sizes), which this does not imply.
ma-align-stmts	38	197c143d-2e15-4169-8eea-ae1b0615303d	aligned	aligned	high	min on ℕ is commutative and associative.
ma-align-stmts	39	65a4f67b-d10a-4425-b33f-2f13ea644165	aligned	aligned	high	∏_p p^{−v_p(a)} · |a| = 1, i.e. ∏ over all places of |a|_v = 1.
ma-align-stmts	40	66eb228e-a34c-483a-a461-380e2184b2a9	misaligned	misaligned	high	Graph, Planar, minor, K5 and K33 are arbitrary variables, so the statement is meaningless and false in general.
ma-align-stmts	41	85933543-eb1a-46eb-8ce1-7236c624e7ce	misaligned	misaligned	high	D_N_star is an arbitrary nonnegative real, not the discrepancy of ζ, and I is an arbitrary set (it should be the unit interval). The formal claim is false.
ma-align-stmts	42	70e70652-b45f-4437-82f1-968d162c708c	misaligned	misaligned	med	No differentiability is assumed on y, and Lean's `deriv` is 0 at non-differentiable points. Gluing c₂t²ln t with different c₂ on either side of t=1 (y(1)=0, y'' junk = 0 at 1) satisfies the equation but is not of the stated form. The ⇒ direction is therefore false.
ma-align-stmts	43	543b4f99-34c0-4b28-ba7d-4fbb50a588ae	misaligned	misaligned	med	The Ico case allows a = b (and similar degenerate cases), giving s = ∅, which is not IsConnected (that requires nonempty). The formal theorem is false.
ma-align-stmts	44	f3b855f8-e5cc-4449-a700-6aeeb7a65ef9	misaligned	aligned	med	The number of handshakes among n people is C(n,2), and the formal states C(n,2) = n(n−1)/2.
ma-align-stmts	45	8e669b41-7bba-48ef-9d93-ee70f2713d51	misaligned	misaligned	high	The homology groups H are an arbitrary family unrelated to R, Q, P. Pairwise-trivial intersections of three submodules do not give a direct sum, and the maps are arbitrary. The formal claim is false.
ma-align-stmts	46	a12686b3-842e-4ec4-8a27-8cd17041cd56	misaligned	misaligned	med	The existential topology q is never used: IsOpen and Continuous resolve to Mathlib's existing quotient instance, so q plays no role and the construction or universal property is not expressed.
ma-align-stmts	47	2b4144f6-ef67-412a-8094-f94343cada99	aligned	aligned	high	A is open ⇔ A = interior A.
ma-align-stmts	48	964cf21a-8838-446c-ab33-5363867fbff3	misaligned	misaligned	high	χ and ε_La are arbitrary functions, so the formal claim is false. The specific character and representation are absent.
ma-align-stmts	49	18826461-a657-47ac-8f9f-0aae9e63ac08	aligned	aligned	high	Every additive subgroup of ℤ is nℤ for some n ∈ ℕ. The converse (nℤ is a subgroup) is built into the statement.
ma-align-stmts	50	e13ececa-354f-4b52-bfef-68dfb16d45fe	aligned	aligned	high	(ZMod p)ˣ is cyclic for prime p.
ma-align-stmts	51	4f66b11e-67dc-4c4f-9675-ac0fb0a7c310	misaligned	misaligned	high	V, Z0, L and sl2F are unrelated abstract modules and the hypotheses don't connect them, so the formal claim is false.
ma-align-stmts	52	2a04f18a-8f01-49e6-bf32-106eae10a4b2	misaligned	misaligned	high	Characteristic function and infinite divisibility are arbitrary predicates, and ψ is wrongly required to itself be a characteristic function.
ma-align-stmts	53	3c3cf864-3278-4a47-8592-0e39b28ebc11	misaligned	misaligned	med	Only the side remark h ≠ 0 is formalized. The main claim, that h is a homotopy from the unit circle to the square (continuity and the endpoint maps), is missing.
ma-align-stmts	54	4ab4f84a-04f2-4c03-baac-09db029444ea	misaligned	misaligned	high	g₄ and g₆ are arbitrary functions on an arbitrary field, so the claim is false (g₄=g₆=0 gives 4X³). The lattice-invariant context, where the discriminant is nonzero, is lost.
ma-align-stmts	55	8050fa2f-0fce-4f08-9d08-3990bf43db80	misaligned	misaligned	high	(α,δ)-conjugacy is invented incorrectly (A = PBP⁻¹ + (α+δ)I), and the skew polynomial ring K[t;α,δ] is replaced by an ordinary polynomial ring over matrices.
ma-align-stmts	56	ab5f2a4d-4d5b-4a9d-a797-9eb9c0d62502	misaligned	misaligned	high	IsTransient := sorry, and the hypothesis ∑ₙ p_ij(n) = 1 is nonsense for transition probabilities.
ma-align-stmts	57	9cfb90e7-4786-42e1-bcd3-97863fee7b35	misaligned	misaligned	high	Arbitrary f and c, with pointwise equality assumed as a hypothesis, so the theorem is just funext. The specific integers f_{αβ}, c_{αβ} are absent.
ma-align-stmts	58	98dded64-6160-4d5b-a253-51b50e97ce35	misaligned	misaligned	high	"The informal (""Prove Proposition 3.6"") has no content, and the formal is an arbitrary Prop variable."
ma-align-stmts	59	a1deaaec-3b1e-467a-861e-15ae96e2f998	misaligned	misaligned	high	IsDeltaSystem is wrong: with t ⊆ D, s = D ∪ t = D, so it says all sets are equal. A Δ-system needs pairwise intersections equal to a common root.
ma-align-stmts	60	ca207e8a-012c-4ddb-b8e7-46c020316d9e	misaligned	misaligned	med	IsLocalMax/IsLocalMin are over ℝ-neighbourhoods, so at an endpoint of J the behaviour of u outside J (unconstrained) decides it, and the first claim can fail. The strict-monotonicity strengthening is omitted. The equation also uses junk `deriv` without assuming pu' is differentiable.
ma-align-stmts	61	e44e8930-4633-43ae-a683-35392a399a08	misaligned	misaligned	high	Consistent, MaximallyConsistent and HasHenkinProperty are arbitrary predicates, so the statement has no connection to Lemma A.16's construction.
ma-align-stmts	62	f8ad421d-27ed-4165-9c06-2ebfd5ca6050	misaligned	misaligned	high	ZMod n with ring multiplication is not the cyclic group C_n: h^e = 1 counts ring roots of unity. For n=8, e=2 there are 4 solutions (1,3,5,7) but gcd = 2, so the formal claim is false.
ma-align-stmts	63	e7a36f16-66a1-4044-91f9-a03122b2ea17	misaligned	misaligned	high	"IsOrientationPreserving and IsIsotopy are `sorry`, and the example's ""twist"" is not specified."
ma-align-stmts	64	5bf15221-6226-40ec-809c-8f72dcac0ad1	misaligned	misaligned	high	The conclusion (every φ_j is injective) is assumed as a hypothesis, and φ is arbitrary rather than the contraction maps. It is circular.
ma-align-stmts	65	4f26ae70-ec13-40b0-93a5-ebfb94084628	misaligned	misaligned	high	Only asserts that the det = 1 elements form a subgroup of GL_n(R) for one ring R. Representability of the kernel functor by a scheme is absent.
ma-align-stmts	66	1b55e051-2fbe-4dda-83aa-11d8b7bf1eb6	misaligned	misaligned	high	X is the plane, not the circle. Paths are arbitrary ℝ→X with no loop condition, and the conclusion is mere reflexivity (α ~ α), not triviality of the group.
ma-align-stmts	67	6e75db3c-e76b-443c-bd5b-2b5c7a633a13	misaligned	misaligned	high	"The source uses forcing posets (ℚ is a p.o., ""dense"" means every q has some p ≤ q in IP, and dense embeddings preserve incompatibility). The formal instead uses the rationals with metric density, and h_suborder has an unbound z."
ma-align-stmts	68	0bb40d63-ba83-4210-bced-67c3db35c1bc	misaligned	misaligned	low	The informal is Tonelli for nonnegative terms, with values in [0,∞]. The formal works in ℝ and adds summability of every row and column as hypotheses, a strictly weaker statement.
ma-align-stmts	69	586e0eee-9f21-4cdd-a5fe-3f385b8a3d49	misaligned	misaligned	low	"The informal is about Riemann integrability. The formal uses IntervalIntegrable (Lebesgue) in both hypothesis and conclusion, so the theorem ""the uniform limit is Riemann integrable"" is not captured."
ma-align-stmts	70	71fd3d9a-b899-4762-97d3-81515d4d3560	misaligned	misaligned	high	U is an arbitrary map, so the claim U(e^{ikt}) = k is false in general. The winding/index functional is not defined.
ma-align-stmts	71	cd1d40b4-970b-486c-b84b-d4324c9c5f0d	misaligned	misaligned	high	A₀, A₁ and P are arbitrary, and the hypotheses about P never connect to A₀ or A₁. The claim is false.
ma-align-stmts	72	36392b4d-49f9-4357-ad07-678fdcfdb6e6	misaligned	misaligned	high	Det_q is an arbitrary function, so multiplicativity is false in general. The quantum determinant and quantum-matrix hypotheses are absent.
ma-align-stmts	73	aaf5a46e-e601-4309-85f2-b4bc0ed7d237	misaligned	misaligned	high	PID is encoded without IsDomain, and the statement is then false: in ℤ/6 (a principal ideal ring, not a field), ℤ/6⧸(3) ≅ F₃ is a field but 3 = 3·3 is not irreducible.
ma-align-stmts	74	f69c8cd2-1f64-47a1-83d7-e8d326ef097d	misaligned	aligned	low	Encodes that 0 (⊥) and M (⊤) are submodules. The terminology is not a claim. Trivial but faithful.
ma-align-stmts	75	d56e8f02-267b-41ca-859e-5ca99d7bb5cf	misaligned	misaligned	high	Homotopy groups, suspension, connectivity, CW and iso/surj are all arbitrary variables (MorphicMap is undefined), so the statement has no content.
ma-align-stmts	76	bd2c1fa6-a667-4c9f-9265-4695775ac2c6	aligned	aligned	high	The product of two covering maps is a covering map.
ma-align-stmts	77	d585c654-ba66-4ca3-850e-8ca9d945400a	misaligned	misaligned	high	The conclusion is `True`. The informal is only a hypothesis fragment, and nothing of the theorem is stated.
ma-align-stmts	78	6a43c86e-b7b8-4719-9f8c-d66f55afa8ee	misaligned	misaligned	high	The informal factorization is truncated, and the formal claims x^15−1 = (x+1)(x²+x+1), which is false (degree 15 vs 3).
ma-align-stmts	79	b2f07414-793f-4320-9746-821b336b3304	misaligned	misaligned	high	FTA is stated for every nonzero polynomial, which is false for nonzero constants (degree ≥ 1 is needed). The odd-degree part is fine.
ma-align-stmts	80	960d56df-b0ad-48c6-a32b-c4ace65b8423	misaligned	misaligned	med	Adds a complement-closure hypothesis (univ∖A ∈ R), which turns the ring of sets into an algebra. That restriction excludes e.g. rings of bounded sets, so the formal is a strictly weaker statement than the proposition.
ma-align-stmts	81	c6467108-f3b0-4d6f-b970-248f6ed95876	misaligned	aligned	high	Finite-dimensional subspaces of a real normed space are closed. The complex case follows directly by restricting scalars.
ma-align-stmts	82	a3848e54-600c-4abc-a487-4e3c2dad37aa	misaligned	misaligned	high	The indicial polynomial is mistranscribed: p₂(0)·(r−1) instead of p₂(0)·r(r−1). It gives 4 at r=3, so the stated roots and factorization are false.
ma-align-stmts	83	13dc3097-c96e-49ef-9ffb-3ba713269425	misaligned	misaligned	high	The orbit lives in [0,1)^d ⊂ ℝ^d, so its closure is never all of ℝ^d and the claim is false. The independence hypothesis also omits 1 (θ=1/2, d=1 satisfies it but is not minimal).
ma-align-stmts	84	a9f3fc65-9aa1-417b-b8f9-ff395370953b	misaligned	misaligned	high	`∑'` of non-summable lengths is 0 in Lean, so intervals of divergent total length make the bound trivial. The question about covering all of ℚ is also omitted.
ma-align-stmts	85	403a5443-504b-4817-b647-e9c896d3eb94	misaligned	misaligned	high	No theorem at all, just a structure for short exact sequences. The informal's conclusion (6.6.15.2) is missing too.
ma-align-stmts	86	7ed917b3-268b-4ea8-bf4b-8655eaa83a09	misaligned	misaligned	high	Every group is a `sorry` type, and the conclusion ∃ iso, True between placeholders has no content.
ma-align-stmts	87	9253e641-6282-46a0-8912-7faf3dfa4962	misaligned	misaligned	high	"U₀, K, γ, π, Z and the W-action are arbitrary. The ""even"" subring ignores the 2P ∩ Q condition, and the claim is false in general."
ma-align-stmts	88	364d6966-cbd6-42c1-aab5-e5f0efedaa85	misaligned	misaligned	high	P is an arbitrary function, and a unique maximizer need not exist. The physical system is absent.
ma-align-stmts	89	7728574e-19aa-4499-b55a-d90660bceae0	misaligned	misaligned	high	"Asserts a presentation whose kernel is the image of M itself (Exact g f), which is stronger than ""finitely presented"" and false. Over ℤ×ℤ with M = ℤ×0, any g lands in ℤⁿ×0, but ker f ⊇ 0×ℤⁿ."
ma-align-stmts	90	892ecd6e-3e63-45b0-b3ed-c6b3245c2758	misaligned	aligned	med	{∅, Ω} is closed under the operations and contained in every such family, hence is the smallest σ-field. Binary unions suffice for this two-element family.
ma-align-stmts	91	e703c3e3-2b2a-49a5-800c-50297379c1e0	misaligned	misaligned	low	"The informal is garbled (a complex disk D(0,1), D(0,r) → N_r). The formal proves only ""uniform ⇒ pointwise"" on [−1,1] ⊂ ℝ, which does not capture the stated example."
ma-align-stmts	92	1dc9fb87-7a87-4452-b3e9-2c59aa704426	misaligned	misaligned	high	δ₁ and δ₂ are arbitrary, so the claim is false. The two definitions of δ(z,w) are absent.
ma-align-stmts	93	cc31164e-431d-4198-a862-7deedf955ac2	aligned	aligned	high	The product of two countably infinite sets is countably infinite.
ma-align-stmts	94	821d0186-cb73-4b73-a58f-27b2c0454e3e	misaligned	misaligned	high	Uses Algebra.adjoin (finite type as an algebra) instead of field-extension generation, a much stronger hypothesis (it forces K/k finite). There is also no IsScalarTower tying E between k and K.
ma-align-stmts	95	6afb5071-ad2f-4df3-b98d-cf1de6c8ff48	misaligned	misaligned	high	unitSphereVolume is `sorry`, and the index is shifted (n+1 vs n).
ma-align-stmts	96	1d0433cd-0e09-4cf7-be3c-c362377b82cf	misaligned	misaligned	high	S_rank is `sorry`, and G (the algebraic group) and Γ (the lattice) are conflated.
ma-align-stmts	97	4c8752dc-0b78-44e8-964c-b85443ca3eb3	misaligned	misaligned	high	Pi = R₊ ∩ R₋ = ∅ by disjointness, so the simple roots are wrong. The Weyl group action is arbitrary, and there is no root system.
ma-align-stmts	98	dceed6d3-cf60-4239-8bfa-3406c221e559	misaligned	misaligned	high	The right side integrates over the image with n-dimensional Lebesgue measure (zero for curves when n ≥ 2), not arc length. The identity is therefore false.
ma-align-stmts	99	1f7ed00a-e643-4ca0-9dc9-82d3f956a7f0	aligned	aligned	high	Strictly upper triangular n×n implies Nⁿ = 0.
